Participant,Order,Condition,Exercise,Reps,Checkpoint,Deviation,Assessment
1,UM,U,RG,1,1,99,87
1,UM,U,RG,1,2,98,87
1,UM,U,RG,1,3,87,87
1,UM,U,RG,1,4,74,87
1,UM,U,RG,1,5,83,87
1,UM,U,RG,2,1,87,84
1,UM,U,RG,2,2,87,84
1,UM,U,RG,2,3,94,84
1,UM,U,RG,2,4,65,84
1,UM,U,RG,2,5,84,84
1,UM,U,RG,3,1,95,86
1,UM,U,RG,3,2,92,86
1,UM,U,RG,3,3,94,86
1,UM,U,RG,3,4,70,86
1,UM,U,RG,3,5,82,86
1,UM,U,RG,4,1,97,89
1,UM,U,RG,4,2,90,89
1,UM,U,RG,4,3,94,89
1,UM,U,RG,4,4,70,89
1,UM,U,RG,4,5,88,89
1,UM,U,RG,5,1,88,88
1,UM,U,RG,5,2,89,88
1,UM,U,RG,5,3,97,88
1,UM,U,RG,5,4,79,88
1,UM,U,RG,5,5,87,88
1,UM,U,BC,1,1,0,0
1,UM,U,BC,1,2,0,0
1,UM,U,BC,2,1,0,0
1,UM,U,BC,2,2,0,0
1,UM,U,BC,3,1,62,77
1,UM,U,BC,3,2,92,77
1,UM,U,BC,4,1,50,71
1,UM,U,BC,4,2,92,71
1,UM,U,BC,5,1,62,77
1,UM,U,BC,5,2,92,77
1,UM,U,SS,1,1,95,94
1,UM,U,SS,1,2,92,94
1,UM,U,SS,2,1,95,92
1,UM,U,SS,2,2,89,92
1,UM,U,SS,3,1,95,94
1,UM,U,SS,3,2,92,94
1,UM,U,SS,4,1,95,92
1,UM,U,SS,4,2,88,92
1,UM,U,SS,5,1,95,92
1,UM,U,SS,5,2,89,92
1,UM,M,RG,1,1,0,0
1,UM,M,RG,1,2,0,0
1,UM,M,RG,1,3,0,0
1,UM,M,RG,1,4,0,0
1,UM,M,RG,1,5,0,0
1,UM,M,RG,2,1,0,0
1,UM,M,RG,2,2,0,0
1,UM,M,RG,2,3,0,0
1,UM,M,RG,2,4,0,0
1,UM,M,RG,2,5,0,0
1,UM,M,RG,3,1,0,0
1,UM,M,RG,3,2,0,0
1,UM,M,RG,3,3,0,0
1,UM,M,RG,3,4,0,0
1,UM,M,RG,3,5,0,0
1,UM,M,RG,4,1,0,0
1,UM,M,RG,4,2,0,0
1,UM,M,RG,4,3,0,0
1,UM,M,RG,4,4,0,0
1,UM,M,RG,4,5,0,0
1,UM,M,RG,5,1,0,0
1,UM,M,RG,5,2,0,0
1,UM,M,BC,1,1,34,64
1,UM,M,BC,1,2,95,64
1,UM,M,BC,2,1,37,68
1,UM,M,BC,2,2,99,68
1,UM,M,BC,3,1,63,79
1,UM,M,BC,3,2,95,79
1,UM,M,BC,4,1,72,67
1,UM,M,BC,4,2,62,67
1,UM,M,BC,5,1,0,0
1,UM,M,BC,5,2,0,0
1,UM,M,SS,1,1,95,92
1,UM,M,SS,1,2,89,92
1,UM,M,SS,2,1,95,94
1,UM,M,SS,2,2,93,94
1,UM,M,SS,3,1,95,92
1,UM,M,SS,3,2,92,92
1,UM,M,SS,4,1,95,91
1,UM,M,SS,4,2,87,91
1,UM,M,SS,5,1,95,92
1,UM,M,SS,5,2,89,92
2,MU,M,RG,1,1,0,0
2,MU,M,RG,1,2,0,0
2,MU,M,RG,1,3,0,0
2,MU,M,BC,1,1,0,0
2,MU,M,BC,1,2,0,0
2,MU,M,BC,2,1,0,0
2,MU,M,BC,2,2,0,0
2,MU,M,BC,3,1,0,0
2,MU,M,BC,3,2,0,0
2,MU,M,BC,4,1,0,0
2,MU,M,BC,4,2,0,0
2,MU,M,BC,5,1,0,0
2,MU,M,BC,5,2,0,0
2,MU,M,SS,1,1,95,94
2,MU,M,SS,1,2,92,94
2,MU,M,SS,2,1,95,95
2,MU,M,SS,2,2,96,95
2,MU,M,SS,3,1,96,95
2,MU,M,SS,3,2,94,95
2,MU,M,SS,4,1,96,95
2,MU,M,SS,4,2,93,95
2,MU,M,SS,5,1,95,96
2,MU,M,SS,5,2,97,96
2,MU,U,RG,1,1,0,0
2,MU,U,RG,1,2,0,0
2,MU,U,RG,1,3,0,0
2,MU,U,BC,1,1,0,0
2,MU,U,BC,1,2,0,0
2,MU,U,BC,2,1,0,0
2,MU,U,BC,2,2,0,0
2,MU,U,BC,3,1,0,0
2,MU,U,BC,3,2,0,0
2,MU,U,BC,4,1,0,0
2,MU,U,BC,4,2,0,0
2,MU,U,BC,5,1,0,0
2,MU,U,BC,5,2,0,0
2,MU,U,SS,1,1,95,92
2,MU,U,SS,1,2,88,92
2,MU,U,SS,2,1,95,92
2,MU,U,SS,2,2,89,92
2,MU,U,SS,3,1,95,91
2,MU,U,SS,3,2,87,91
2,MU,U,SS,4,1,95,93
2,MU,U,SS,4,2,90,93
2,MU,U,SS,5,1,95,91
2,MU,U,SS,5,2,86,91
3,UM,U,RG,1,1,0,0
3,UM,U,RG,1,2,0,0
3,UM,U,RG,1,3,0,0
3,UM,U,RG,1,4,0,0
3,UM,U,RG,1,5,0,0
3,UM,U,RG,1,6,0,0
3,UM,U,RG,2,1,0,0
3,UM,U,RG,2,2,0,0
3,UM,U,RG,2,3,0,0
3,UM,U,RG,2,4,0,0
3,UM,U,RG,2,5,0,0
3,UM,U,RG,2,6,0,0
3,UM,U,RG,3,1,0,0
3,UM,U,RG,3,2,0,0
3,UM,U,RG,3,3,0,0
3,UM,U,RG,3,4,0,0
3,UM,U,RG,3,5,0,0
3,UM,U,RG,3,6,0,0
3,UM,U,RG,4,1,0,0
3,UM,U,RG,4,2,0,0
3,UM,U,RG,4,3,0,0
3,UM,U,RG,4,4,0,0
3,UM,U,RG,4,5,0,0
3,UM,U,RG,4,6,0,0
3,UM,U,RG,5,1,0,0
3,UM,U,RG,5,2,0,0
3,UM,U,RG,5,3,0,0
3,UM,U,RG,5,4,0,0
3,UM,U,RG,5,5,0,0
3,UM,U,RG,5,6,0,0
3,UM,U,BC,1,1,75,87
3,UM,U,BC,1,2,99,87
3,UM,U,BC,2,1,84,88
3,UM,U,BC,2,2,92,88
3,UM,U,BC,3,1,83,91
3,UM,U,BC,3,2,92,91
3,UM,U,BC,4,1,82,91
3,UM,U,BC,4,2,99,91
3,UM,U,BC,5,1,93,96
3,UM,U,BC,5,2,99,96
3,UM,U,SS,1,1,95,95
3,UM,U,SS,1,2,95,95
3,UM,U,SS,2,1,97,97
3,UM,U,SS,2,2,97,97
3,UM,U,SS,3,1,97,96
3,UM,U,SS,3,2,96,96
3,UM,U,SS,4,1,97,95
3,UM,U,SS,4,2,94,95
3,UM,U,SS,5,1,97,97
3,UM,U,SS,5,2,97,97
3,UM,M,SS,1,1,95,96
3,UM,M,SS,1,2,96,96
3,UM,M,SS,2,1,97,96
3,UM,M,SS,2,2,96,96
3,UM,M,SS,3,1,97,98
3,UM,M,SS,3,2,99,98
3,UM,M,SS,4,1,94,96
3,UM,M,SS,4,2,98,96
3,UM,M,SS,5,1,0,0
3,UM,M,SS,5,2,0,0
3,UM,M,RG,1,1,0,0
3,UM,M,RG,1,2,0,0
3,UM,M,RG,1,3,0,0
3,UM,M,RG,1,4,0,0
3,UM,M,RG,1,5,0,0
3,UM,M,RG,1,6,0,0
3,UM,M,RG,2,1,0,0
3,UM,M,RG,2,2,0,0
3,UM,M,RG,2,3,0,0
3,UM,M,RG,2,4,0,0
3,UM,M,RG,2,5,0,0
3,UM,M,RG,2,6,0,0
3,UM,M,RG,3,1,0,0
3,UM,M,RG,3,2,0,0
3,UM,M,RG,3,3,0,0
3,UM,M,RG,3,4,0,0
3,UM,M,RG,3,5,0,0
3,UM,M,RG,3,6,0,0
3,UM,M,RG,4,1,0,0
3,UM,M,RG,4,2,0,0
3,UM,M,RG,4,3,0,0
3,UM,M,RG,4,4,0,0
3,UM,M,RG,4,5,0,0
3,UM,M,RG,4,6,0,0
3,UM,M,RG,5,1,0,0
3,UM,M,RG,5,2,0,0
3,UM,M,RG,5,3,0,0
3,UM,M,RG,5,4,0,0
3,UM,M,RG,5,5,0,0
3,UM,M,RG,5,6,0,0
3,UM,M,BC,1,1,88,93
3,UM,M,BC,1,2,99,93
3,UM,M,BC,2,1,87,89
3,UM,M,BC,2,2,92,89
3,UM,M,BC,3,1,92,94
3,UM,M,BC,3,2,95,94
3,UM,M,BC,4,1,84,88
3,UM,M,BC,4,2,92,88
3,UM,M,BC,5,1,90,92
3,UM,M,BC,5,2,95,92
4,UM,U,RG,1,1,0,0
4,UM,U,RG,1,2,0,0
4,UM,U,RG,1,3,0,0
4,UM,U,RG,1,4,0,0
4,UM,U,RG,1,5,0,0
4,UM,U,RG,1,6,0,0
4,UM,U,RG,2,1,0,0
4,UM,U,RG,2,2,0,0
4,UM,U,RG,2,3,0,0
4,UM,U,RG,2,4,0,0
4,UM,U,RG,2,5,0,0
4,UM,U,RG,2,6,0,0
4,UM,U,RG,3,1,0,0
4,UM,U,RG,3,2,0,0
4,UM,U,RG,3,3,0,0
4,UM,U,RG,3,4,0,0
4,UM,U,RG,3,5,0,0
4,UM,U,RG,3,6,0,0
4,UM,U,RG,4,1,0,0
4,UM,U,RG,4,2,0,0
4,UM,U,RG,4,3,0,0
4,UM,U,RG,4,4,0,0
4,UM,U,RG,4,5,0,0
4,UM,U,RG,4,6,0,0
4,UM,U,RG,5,1,0,0
4,UM,U,RG,5,2,0,0
4,UM,U,RG,5,3,0,0
4,UM,U,RG,5,4,0,0
4,UM,U,RG,5,5,0,0
4,UM,U,RG,5,6,0,0
4,UM,U,BC,1,1,98,95
4,UM,U,BC,1,2,92,95
4,UM,U,BC,2,1,91,91
4,UM,U,BC,2,2,92,91
4,UM,U,BC,3,1,90,91
4,UM,U,BC,3,2,92,91
4,UM,U,BC,4,1,95,93
4,UM,U,BC,4,2,92,93
4,UM,U,BC,5,1,99,95
4,UM,U,BC,5,2,92,95
4,UM,U,SS,1,1,93,91
4,UM,U,SS,1,2,90,91
4,UM,U,SS,2,1,95,92
4,UM,U,SS,2,2,89,92
4,UM,U,SS,3,1,87,91
4,UM,U,SS,3,2,96,91
4,UM,U,SS,4,1,95,90
4,UM,U,SS,4,2,85,90
4,UM,U,SS,5,1,95,91
4,UM,U,SS,5,2,87,91
4,UM,M,SS,1,1,95,97
4,UM,M,SS,1,2,98,97
4,UM,M,SS,2,1,95,98
4,UM,M,SS,2,2,100,98
4,UM,M,SS,3,1,95,96
4,UM,M,SS,3,2,98,96
4,UM,M,SS,4,1,95,97
4,UM,M,SS,4,2,99,97
4,UM,M,SS,5,1,95,97
4,UM,M,SS,5,2,99,97
4,UM,M,RG,1,1,0,0
4,UM,M,RG,1,2,0,0
4,UM,M,RG,1,3,0,0
4,UM,M,RG,1,4,0,0
4,UM,M,RG,1,5,0,0
4,UM,M,RG,1,6,0,0
4,UM,M,RG,2,1,0,0
4,UM,M,RG,2,2,0,0
4,UM,M,RG,2,3,0,0
4,UM,M,RG,2,4,0,0
4,UM,M,RG,2,5,0,0
4,UM,M,RG,2,6,0,0
4,UM,M,RG,3,1,0,0
4,UM,M,RG,3,2,0,0
4,UM,M,RG,3,3,0,0
4,UM,M,RG,3,4,0,0
4,UM,M,RG,3,5,0,0
4,UM,M,RG,3,6,0,0
4,UM,M,RG,4,1,0,0
4,UM,M,RG,4,2,0,0
4,UM,M,RG,4,3,0,0
4,UM,M,RG,4,4,0,0
4,UM,M,RG,4,5,0,0
4,UM,M,RG,4,6,0,0
4,UM,M,RG,5,1,0,0
4,UM,M,RG,5,2,0,0
4,UM,M,RG,5,3,0,0
4,UM,M,RG,5,4,0,0
4,UM,M,RG,5,5,0,0
4,UM,M,RG,5,6,0,0
4,UM,M,BC,1,1,98,96
4,UM,M,BC,1,2,95,96
4,UM,M,BC,2,1,94,96
4,UM,M,BC,2,2,99,96
4,UM,M,BC,3,1,91,95
4,UM,M,BC,3,2,99,95
4,UM,M,BC,4,1,95,95
4,UM,M,BC,4,2,95,95
4,UM,M,BC,5,1,93,96
4,UM,M,BC,5,2,99,96
5,MU,M,RG,1,1,0,0
5,MU,M,RG,1,2,0,0
5,MU,M,RG,1,3,0,0
5,MU,M,RG,1,4,0,0
5,MU,M,RG,1,5,0,0
5,MU,M,RG,1,6,0,0
5,MU,M,RG,2,1,0,0
5,MU,M,RG,2,2,0,0
5,MU,M,RG,2,3,0,0
5,MU,M,RG,2,4,0,0
5,MU,M,RG,2,5,0,0
5,MU,M,RG,2,6,0,0
5,MU,M,RG,3,1,0,0
5,MU,M,RG,3,2,0,0
5,MU,M,RG,3,3,0,0
5,MU,M,RG,3,4,0,0
5,MU,M,RG,3,5,0,0
5,MU,M,RG,3,6,0,0
5,MU,M,RG,4,1,0,0
5,MU,M,RG,4,2,0,0
5,MU,M,RG,4,3,0,0
5,MU,M,RG,4,4,0,0
5,MU,M,RG,4,5,0,0
5,MU,M,RG,4,6,0,0
5,MU,M,RG,5,1,0,0
5,MU,M,RG,5,2,0,0
5,MU,M,RG,5,3,0,0
5,MU,M,RG,5,4,0,0
5,MU,M,RG,5,5,0,0
5,MU,M,RG,5,6,0,0
5,MU,M,BC,1,1,70,81
5,MU,M,BC,1,2,92,81
5,MU,M,BC,2,1,0,0
5,MU,M,BC,2,2,0,0
5,MU,M,BC,3,1,0,0
5,MU,M,BC,3,2,0,0
5,MU,M,BC,4,1,0,0
5,MU,M,BC,4,2,0,0
5,MU,M,BC,5,1,0,0
5,MU,M,BC,5,2,0,0
5,MU,M,SS,1,1,97,93
5,MU,M,SS,1,2,90,93
5,MU,M,SS,2,1,97,92
5,MU,M,SS,2,2,88,92
5,MU,M,SS,3,1,97,92
5,MU,M,SS,3,2,86,92
5,MU,M,SS,4,1,97,91
5,MU,M,SS,4,2,85,91
5,MU,M,SS,5,1,97,91
5,MU,M,SS,5,2,84,91
5,MU,U,SS,1,1,0,0
5,MU,U,SS,1,2,0,0
5,MU,U,SS,2,1,0,0
5,MU,U,SS,2,2,0,0
5,MU,U,SS,3,1,0,0
5,MU,U,SS,3,2,0,0
5,MU,U,SS,4,1,0,0
5,MU,U,SS,4,2,0,0
5,MU,U,SS,5,1,0,0
5,MU,U,SS,5,2,0,0
5,MU,U,BC,1,1,0,0
5,MU,U,BC,1,2,0,0
5,MU,U,BC,2,1,0,0
5,MU,U,BC,2,2,0,0
5,MU,U,BC,3,1,0,0
5,MU,U,BC,3,2,0,0
5,MU,U,BC,4,1,0,0
5,MU,U,BC,4,2,0,0
5,MU,U,BC,5,1,0,0
5,MU,U,BC,5,2,0,0
5,MU,U,RG,1,1,0,0
5,MU,U,RG,1,2,0,0
5,MU,U,RG,1,3,0,0
5,MU,U,RG,1,4,0,0
5,MU,U,RG,1,5,0,0
5,MU,U,RG,1,6,0,0
5,MU,U,RG,2,1,0,0
5,MU,U,RG,2,2,0,0
5,MU,U,RG,2,3,0,0
5,MU,U,RG,2,4,0,0
5,MU,U,RG,2,5,0,0
5,MU,U,RG,2,6,0,0
5,MU,U,RG,3,1,0,0
5,MU,U,RG,3,2,0,0
5,MU,U,RG,3,3,0,0
5,MU,U,RG,3,4,0,0
5,MU,U,RG,3,5,0,0
5,MU,U,RG,3,6,0,0
5,MU,U,RG,4,1,0,0
5,MU,U,RG,4,2,0,0
5,MU,U,RG,4,3,0,0
5,MU,U,RG,4,4,0,0
5,MU,U,RG,4,5,0,0
5,MU,U,RG,4,6,0,0
5,MU,U,RG,5,1,0,0
5,MU,U,RG,5,2,0,0
5,MU,U,RG,5,3,0,0
5,MU,U,RG,5,4,0,0
5,MU,U,RG,5,5,0,0
5,MU,U,RG,5,6,0,0
6,MU,M,RG,1,1,83,87
6,MU,M,RG,1,2,92,87
6,MU,M,RG,1,3,98,87
6,MU,M,RG,1,4,76,87
6,MU,M,RG,1,5,90,87
6,MU,M,RG,1,6,82,87
6,MU,M,RG,2,1,58,90
6,MU,M,RG,2,2,92,90
6,MU,M,RG,2,3,92,90
6,MU,M,RG,2,4,92,90
6,MU,M,RG,2,5,99,90
6,MU,M,RG,2,6,92,90
6,MU,M,RG,3,1,83,88
6,MU,M,RG,3,2,87,88
6,MU,M,RG,3,3,84,88
6,MU,M,RG,3,4,87,88
6,MU,M,RG,3,5,95,88
6,MU,M,RG,3,6,96,88
6,MU,M,RG,4,1,79,91
6,MU,M,RG,4,2,92,91
6,MU,M,RG,4,3,83,91
6,MU,M,RG,4,4,95,91
6,MU,M,RG,4,5,93,91
6,MU,M,RG,4,6,96,91
6,MU,M,RG,5,1,72,88
6,MU,M,RG,5,2,92,88
6,MU,M,RG,5,3,88,88
6,MU,M,RG,5,4,87,88
6,MU,M,RG,5,5,88,88
6,MU,M,RG,5,6,98,88
6,MU,M,BC,1,1,91,91
6,MU,M,BC,1,2,92,91
6,MU,M,BC,2,1,93,92
6,MU,M,BC,2,2,92,92
6,MU,M,BC,3,1,80,86
6,MU,M,BC,3,2,92,86
6,MU,M,BC,4,1,85,88
6,MU,M,BC,4,2,92,88
6,MU,M,BC,5,1,83,87
6,MU,M,BC,5,2,92,87
6,MU,M,SS,1,1,74,83
6,MU,M,SS,1,2,91,83
6,MU,M,SS,2,1,95,93
6,MU,M,SS,2,2,91,93
6,MU,M,SS,3,1,97,95
6,MU,M,SS,3,2,93,95
6,MU,M,SS,4,1,95,94
6,MU,M,SS,4,2,93,94
6,MU,M,SS,5,1,95,94
6,MU,M,SS,5,2,92,94
6,MU,U,SS,1,1,92,92
6,MU,U,SS,1,2,92,92
6,MU,U,SS,2,1,95,93
6,MU,U,SS,2,2,90,93
6,MU,U,SS,3,1,95,93
6,MU,U,SS,3,2,90,93
6,MU,U,SS,4,1,95,93
6,MU,U,SS,4,2,91,93
6,MU,U,SS,5,1,96,93
6,MU,U,SS,5,2,90,93
6,MU,U,RG,1,1,0,0
6,MU,U,RG,1,2,0,0
6,MU,U,RG,1,3,0,0
6,MU,U,RG,1,4,0,0
6,MU,U,RG,1,5,0,0
6,MU,U,RG,1,6,0,0
6,MU,U,RG,2,1,0,0
6,MU,U,RG,2,2,0,0
6,MU,U,RG,2,3,0,0
6,MU,U,RG,2,4,0,0
6,MU,U,RG,2,5,0,0
6,MU,U,RG,2,6,0,0
6,MU,U,RG,3,1,0,0
6,MU,U,RG,3,2,0,0
6,MU,U,RG,3,3,0,0
6,MU,U,RG,3,4,0,0
6,MU,U,RG,3,5,0,0
6,MU,U,RG,3,6,0,0
6,MU,U,RG,4,1,0,0
6,MU,U,RG,4,2,0,0
6,MU,U,RG,4,3,0,0
6,MU,U,RG,4,4,0,0
6,MU,U,RG,4,5,0,0
6,MU,U,RG,4,6,0,0
6,MU,U,RG,5,1,66,80
6,MU,U,RG,5,2,76,80
6,MU,U,RG,5,3,95,80
6,MU,U,RG,5,4,76,80
6,MU,U,RG,5,5,25,80
6,MU,U,RG,5,6,85,80
6,MU,U,BC,1,1,72,82
6,MU,U,BC,1,2,92,82
6,MU,U,BC,2,1,80,86
6,MU,U,BC,2,2,92,86
6,MU,U,BC,3,1,75,83
6,MU,U,BC,3,2,92,83
6,MU,U,BC,4,1,77,85
6,MU,U,BC,4,2,92,85
6,MU,U,BC,5,1,86,89
6,MU,U,BC,5,2,92,89
7,UM,U,RG,1,1,0,0
7,UM,U,RG,1,2,0,0
7,UM,U,RG,1,3,0,0
7,UM,U,RG,1,4,0,0
7,UM,U,RG,1,5,0,0
7,UM,U,RG,1,6,0,0
7,UM,U,RG,2,1,0,0
7,UM,U,RG,2,2,0,0
7,UM,U,RG,2,3,0,0
7,UM,U,RG,2,4,0,0
7,UM,U,RG,2,5,0,0
7,UM,U,RG,2,6,0,0
7,UM,U,RG,3,1,0,0
7,UM,U,RG,3,2,0,0
7,UM,U,RG,3,3,0,0
7,UM,U,RG,3,4,0,0
7,UM,U,RG,3,5,0,0
7,UM,U,RG,3,6,0,0
7,UM,U,RG,4,1,0,0
7,UM,U,RG,4,2,0,0
7,UM,U,RG,4,3,0,0
7,UM,U,RG,4,4,0,0
7,UM,U,RG,4,5,0,0
7,UM,U,RG,4,6,0,0
7,UM,U,RG,5,1,0,0
7,UM,U,RG,5,2,0,0
7,UM,U,RG,5,3,0,0
7,UM,U,RG,5,4,0,0
7,UM,U,RG,5,5,0,0
7,UM,U,RG,5,6,0,0
7,UM,U,BC,1,1,66,82
7,UM,U,BC,1,2,98,82
7,UM,U,BC,2,1,75,87
7,UM,U,BC,2,2,98,87
7,UM,U,BC,3,1,77,84
7,UM,U,BC,3,2,92,84
7,UM,U,BC,4,1,84,88
7,UM,U,BC,4,2,92,88
7,UM,U,BC,5,1,77,84
7,UM,U,BC,5,2,92,84
7,UM,U,SS,1,1,95,97
7,UM,U,SS,1,2,98,97
7,UM,U,SS,2,1,95,96
7,UM,U,SS,2,2,96,96
7,UM,U,SS,3,1,95,96
7,UM,U,SS,3,2,97,96
7,UM,U,SS,4,1,95,94
7,UM,U,SS,4,2,93,94
7,UM,U,SS,5,1,95,96
7,UM,U,SS,5,2,96,96
7,UM,M,SS,1,1,95,97
7,UM,M,SS,1,2,99,97
7,UM,M,SS,2,1,95,96
7,UM,M,SS,2,2,96,96
7,UM,M,SS,3,1,95,95
7,UM,M,SS,3,2,96,95
7,UM,M,SS,4,1,95,96
7,UM,M,SS,4,2,96,96
7,UM,M,SS,5,1,97,97
7,UM,M,SS,5,2,98,97
7,UM,M,RG,1,1,0,0
7,UM,M,RG,1,2,0,0
7,UM,M,RG,1,3,0,0
7,UM,M,RG,1,4,0,0
7,UM,M,RG,1,5,0,0
7,UM,M,RG,1,6,0,0
7,UM,M,RG,2,1,0,0
7,UM,M,RG,2,2,0,0
7,UM,M,RG,2,3,0,0
7,UM,M,RG,2,4,0,0
7,UM,M,RG,2,5,0,0
7,UM,M,RG,2,6,0,0
7,UM,M,RG,3,1,0,0
7,UM,M,RG,3,2,0,0
7,UM,M,RG,3,3,0,0
7,UM,M,RG,3,4,0,0
7,UM,M,RG,3,5,0,0
7,UM,M,RG,3,6,0,0
7,UM,M,RG,4,1,0,0
7,UM,M,RG,4,2,0,0
7,UM,M,RG,4,3,0,0
7,UM,M,RG,4,4,0,0
7,UM,M,RG,4,5,0,0
7,UM,M,RG,4,6,0,0
7,UM,M,RG,5,1,0,0
7,UM,M,RG,5,2,0,0
7,UM,M,RG,5,3,0,0
7,UM,M,RG,5,4,0,0
7,UM,M,RG,5,5,0,0
7,UM,M,RG,5,6,0,0
7,UM,M,BC,1,1,91,94
7,UM,M,BC,1,2,98,94
7,UM,M,BC,2,1,97,98
7,UM,M,BC,2,2,98,98
7,UM,M,BC,3,1,99,99
7,UM,M,BC,3,2,98,99
7,UM,M,BC,4,1,95,96
7,UM,M,BC,4,2,98,96
7,UM,M,BC,5,1,99,99
7,UM,M,BC,5,2,98,99
8,MU,M,RG,1,1,0,0
8,MU,M,RG,1,2,0,0
8,MU,M,RG,1,3,0,0
8,MU,M,RG,1,4,0,0
8,MU,M,RG,1,5,0,0
8,MU,M,RG,1,6,0,0
8,MU,M,RG,2,1,0,0
8,MU,M,RG,2,2,0,0
8,MU,M,RG,2,3,0,0
8,MU,M,RG,2,4,0,0
8,MU,M,RG,2,5,0,0
8,MU,M,RG,2,6,0,0
8,MU,M,RG,3,1,0,0
8,MU,M,RG,3,2,0,0
8,MU,M,RG,3,3,0,0
8,MU,M,RG,3,4,0,0
8,MU,M,RG,3,5,0,0
8,MU,M,RG,3,6,0,0
8,MU,M,RG,4,1,0,0
8,MU,M,RG,4,2,0,0
8,MU,M,RG,4,3,0,0
8,MU,M,RG,4,4,0,0
8,MU,M,RG,4,5,0,0
8,MU,M,RG,4,6,0,0
8,MU,M,RG,5,1,0,0
8,MU,M,RG,5,2,0,0
8,MU,M,RG,5,3,0,0
8,MU,M,RG,5,4,0,0
8,MU,M,RG,5,5,0,0
8,MU,M,RG,5,6,0,0
8,MU,M,BC,1,1,81,86
8,MU,M,BC,1,2,92,86
8,MU,M,BC,2,1,79,85
8,MU,M,BC,2,2,92,85
8,MU,M,BC,3,1,84,88
8,MU,M,BC,3,2,92,88
8,MU,M,BC,4,1,78,88
8,MU,M,BC,4,2,99,88
8,MU,M,BC,5,1,75,87
8,MU,M,BC,5,2,99,87
8,MU,M,SS,1,1,95,66
8,MU,M,SS,1,2,36,66
8,MU,M,SS,2,1,0,0
8,MU,M,SS,2,2,0,0
8,MU,M,SS,3,1,95,95
8,MU,M,SS,3,2,95,95
8,MU,M,SS,4,1,0,0
8,MU,M,SS,4,2,0,0
8,MU,M,SS,5,1,0,0
8,MU,M,SS,5,2,0,0
8,MU,U,SS,1,1,95,96
8,MU,U,SS,1,2,97,96
8,MU,U,SS,2,1,96,96
8,MU,U,SS,2,2,96,96
8,MU,U,SS,3,1,95,95
8,MU,U,SS,3,2,94,95
8,MU,U,SS,4,1,92,94
8,MU,U,SS,4,2,96,94
8,MU,U,SS,5,1,95,96
8,MU,U,SS,5,2,97,96
8,MU,U,RG,1,1,0,0
8,MU,U,RG,1,2,0,0
8,MU,U,RG,1,3,0,0
8,MU,U,RG,1,4,0,0
8,MU,U,RG,1,5,0,0
8,MU,U,RG,1,6,0,0
8,MU,U,RG,2,1,0,0
8,MU,U,RG,2,2,0,0
8,MU,U,RG,2,3,0,0
8,MU,U,RG,2,4,0,0
8,MU,U,RG,2,5,0,0
8,MU,U,RG,2,6,0,0
8,MU,U,RG,3,1,0,0
8,MU,U,RG,3,2,0,0
8,MU,U,RG,3,3,0,0
8,MU,U,RG,3,4,0,0
8,MU,U,RG,3,5,0,0
8,MU,U,RG,3,6,0,0
8,MU,U,RG,4,1,0,0
8,MU,U,RG,4,2,0,0
8,MU,U,RG,4,3,0,0
8,MU,U,RG,4,4,0,0
8,MU,U,RG,4,5,0,0
8,MU,U,RG,4,6,0,0
8,MU,U,RG,5,1,0,0
8,MU,U,RG,5,2,0,0
8,MU,U,RG,5,3,0,0
8,MU,U,RG,5,4,0,0
8,MU,U,RG,5,5,0,0
8,MU,U,RG,5,6,0,0
8,MU,U,BC,1,1,77,84
8,MU,U,BC,1,2,92,84
8,MU,U,BC,2,1,77,84
8,MU,U,BC,2,2,92,84
8,MU,U,BC,3,1,54,73
8,MU,U,BC,3,2,92,73
8,MU,U,BC,4,1,75,83
8,MU,U,BC,4,2,92,83
8,MU,U,BC,5,1,86,89
8,MU,U,BC,5,2,92,89
9,UM,U,RG,1,1,0,0
9,UM,U,RG,1,2,0,0
9,UM,U,RG,1,3,0,0
9,UM,U,RG,1,4,0,0
9,UM,U,RG,1,5,0,0
9,UM,U,RG,1,6,0,0
9,UM,U,RG,2,1,0,0
9,UM,U,RG,2,2,0,0
9,UM,U,RG,2,3,0,0
9,UM,U,RG,2,4,0,0
9,UM,U,RG,2,5,0,0
9,UM,U,RG,2,6,0,0
9,UM,U,RG,3,1,0,0
9,UM,U,RG,3,2,0,0
9,UM,U,RG,3,3,0,0
9,UM,U,RG,3,4,0,0
9,UM,U,RG,3,5,0,0
9,UM,U,RG,3,6,0,0
9,UM,U,RG,4,1,0,0
9,UM,U,RG,4,2,0,0
9,UM,U,RG,4,3,0,0
9,UM,U,RG,4,4,0,0
9,UM,U,RG,4,5,0,0
9,UM,U,RG,4,6,0,0
9,UM,U,RG,5,1,0,0
9,UM,U,RG,5,2,0,0
9,UM,U,RG,5,3,0,0
9,UM,U,RG,5,4,0,0
9,UM,U,RG,5,5,0,0
9,UM,U,RG,5,6,0,0
9,UM,U,BC,1,1,0,0
9,UM,U,BC,1,2,0,0
9,UM,U,BC,2,1,0,0
9,UM,U,BC,2,2,0,0
9,UM,U,BC,3,1,0,0
9,UM,U,BC,3,2,0,0
9,UM,U,BC,4,1,0,0
9,UM,U,BC,4,2,0,0
9,UM,U,BC,5,1,0,0
9,UM,U,BC,5,2,0,0
9,UM,U,SS,1,1,87,85
9,UM,U,SS,1,2,84,85
9,UM,U,SS,2,1,75,79
9,UM,U,SS,2,2,82,79
9,UM,U,SS,3,1,98,89
9,UM,U,SS,3,2,80,89
9,UM,U,SS,4,1,95,89
9,UM,U,SS,4,2,83,89
9,UM,U,SS,5,1,92,89
9,UM,U,SS,5,2,85,89
9,UM,M,SS,1,1,98,91
9,UM,M,SS,1,2,85,91
9,UM,M,SS,2,1,98,90
9,UM,M,SS,2,2,82,90
9,UM,M,SS,3,1,98,90
9,UM,M,SS,3,2,83,90
9,UM,M,SS,4,1,98,90
9,UM,M,SS,4,2,83,90
9,UM,M,SS,5,1,95,89
9,UM,M,SS,5,2,82,89
9,UM,M,RG,1,1,0,0
9,UM,M,RG,1,2,0,0
9,UM,M,RG,1,3,0,0
9,UM,M,RG,1,4,0,0
9,UM,M,RG,1,5,0,0
9,UM,M,RG,1,6,0,0
9,UM,M,RG,2,1,0,0
9,UM,M,RG,2,2,0,0
9,UM,M,RG,2,3,0,0
9,UM,M,RG,2,4,0,0
9,UM,M,RG,2,5,0,0
9,UM,M,RG,2,6,0,0
9,UM,M,RG,3,1,0,0
9,UM,M,RG,3,2,0,0
9,UM,M,RG,3,3,0,0
9,UM,M,RG,3,4,0,0
9,UM,M,RG,3,5,0,0
9,UM,M,RG,3,6,0,0
9,UM,M,RG,4,1,0,0
9,UM,M,RG,4,2,0,0
9,UM,M,RG,4,3,0,0
9,UM,M,RG,4,4,0,0
9,UM,M,RG,4,5,0,0
9,UM,M,RG,4,6,0,0
9,UM,M,RG,5,1,0,0
9,UM,M,RG,5,2,0,0
9,UM,M,RG,5,3,0,0
9,UM,M,RG,5,4,0,0
9,UM,M,RG,5,5,0,0
9,UM,M,RG,5,6,0,0
9,UM,M,BC,1,1,83,88
9,UM,M,BC,1,2,93,88
9,UM,M,BC,2,1,88,90
9,UM,M,BC,2,2,93,90
9,UM,M,BC,3,1,95,94
9,UM,M,BC,3,2,93,94
9,UM,M,BC,4,1,91,92
9,UM,M,BC,4,2,93,92
9,UM,M,BC,5,1,96,94
9,UM,M,BC,5,2,91,94
10,UM,M,RG,1,1,0,0
10,UM,M,RG,1,2,0,0
10,UM,M,RG,1,3,0,0
10,UM,M,RG,1,4,0,0
10,UM,M,RG,1,5,0,0
10,UM,M,RG,1,6,0,0
10,UM,M,RG,2,1,0,0
10,UM,M,RG,2,2,0,0
10,UM,M,RG,2,3,0,0
10,UM,M,RG,2,4,0,0
10,UM,M,RG,2,5,0,0
10,UM,M,RG,2,6,0,0
10,UM,M,RG,3,1,0,0
10,UM,M,RG,3,2,0,0
10,UM,M,RG,3,3,0,0
10,UM,M,RG,3,4,0,0
10,UM,M,RG,3,5,0,0
10,UM,M,RG,3,6,0,0
10,UM,M,RG,4,1,0,0
10,UM,M,RG,4,2,0,0
10,UM,M,RG,4,3,0,0
10,UM,M,RG,4,4,0,0
10,UM,M,RG,4,5,0,0
10,UM,M,RG,4,6,0,0
10,UM,M,RG,5,1,0,0
10,UM,M,RG,5,2,0,0
10,UM,M,RG,5,3,0,0
10,UM,M,RG,5,4,0,0
10,UM,M,RG,5,5,0,0
10,UM,M,RG,5,6,0,0
10,MU,M,BC,1,1,64,78
10,MU,M,BC,1,2,95,78
10,MU,M,BC,2,1,65,80
10,MU,M,BC,2,2,95,80
10,MU,M,BC,3,1,70,81
10,MU,M,BC,3,2,92,81
10,MU,M,BC,4,1,71,83
10,MU,M,BC,4,2,95,83
10,MU,M,BC,5,1,74,83
10,MU,M,BC,5,2,92,83
10,MU,M,SS,1,1,95,92
10,MU,M,SS,1,2,89,92
10,MU,M,SS,2,1,95,92
10,MU,M,SS,2,2,89,92
10,MU,M,SS,3,1,95,93
10,MU,M,SS,3,2,90,93
10,MU,M,SS,4,1,95,92
10,MU,M,SS,4,2,88,92
10,MU,M,SS,5,1,95,94
10,MU,M,SS,5,2,93,94
10,MU,U,SS,1,1,94,89
10,MU,U,SS,1,2,84,89
10,MU,U,SS,2,1,97,92
10,MU,U,SS,2,2,86,92
10,MU,U,SS,3,1,97,92
10,MU,U,SS,3,2,87,92
10,MU,U,SS,4,1,95,90
10,MU,U,SS,4,2,85,90
10,MU,U,SS,5,1,95,91
10,MU,U,SS,5,2,86,91
10,MU,U,RG,1,1,0,0
10,MU,U,RG,1,2,0,0
10,MU,U,RG,1,3,0,0
10,MU,U,RG,1,4,0,0
10,MU,U,RG,1,5,0,0
10,MU,U,RG,1,6,0,0
10,MU,U,RG,2,1,0,0
10,MU,U,RG,2,2,0,0
10,MU,U,RG,2,3,0,0
10,MU,U,RG,2,4,0,0
10,MU,U,RG,2,5,0,0
10,MU,U,RG,2,6,0,0
10,MU,U,RG,3,1,0,0
10,MU,U,RG,3,2,0,0
10,MU,U,RG,3,3,0,0
10,MU,U,RG,3,4,0,0
10,MU,U,RG,3,5,0,0
10,MU,U,RG,3,6,0,0
10,MU,U,RG,4,1,0,0
10,MU,U,RG,4,2,0,0
10,MU,U,RG,4,3,0,0
10,MU,U,RG,4,4,0,0
10,MU,U,RG,4,5,0,0
10,MU,U,RG,4,6,0,0
10,MU,U,RG,5,1,0,0
10,MU,U,RG,5,2,0,0
10,MU,U,RG,5,3,0,0
10,MU,U,RG,5,4,0,0
10,MU,U,RG,5,5,0,0
10,MU,U,RG,5,6,0,0
10,MU,U,BC,1,1,0,0
10,MU,U,BC,1,2,0,0
10,MU,U,BC,2,1,0,0
10,MU,U,BC,2,2,0,0
10,MU,U,BC,3,1,0,0
10,MU,U,BC,3,2,0,0
10,MU,U,BC,4,1,0,0
10,MU,U,BC,4,2,0,0
10,MU,U,BC,5,1,0,0
10,MU,U,BC,5,2,0,0
